"","Coords","Name.x","MIRNA.x","X2gg_apex_rep1","X2gg_apex_rep2","X2gg_apex_rep3","X2gg_1_2_rep1","X2gg_1_2_rep2","X2gg_1_2_rep3","X2gg_3_5_rep1","X2gg_3_5_rep2","X2gg_3_5_rep3","X2gg_6_8_rep1","X2gg_6_8_rep2","X2gg_6_8_rep3","X2gg_9_rep1","X2gg_9_rep2","X2gg_9_rep3","X2gg_L_rep1","X2gg_L_rep2","X2gg_L_rep3","known_miRNAs","MajorRNA.x","Locus","Name.y","Chrom","Start","End","Length","Reads","UniqueReads","FracTop","Strand","MajorRNA.y","MajorRNAReads","Short","Long","X21","X22","X23","X24","DicerCall","MIRNA.y"
"1","ctg1:6669447-6669573","Cluster_1605","Y",878,1721,2085,2489,2450,1392,3434,2263,2960,7225,789,531,904,1449,913,438,6600,729,"Csa-miR166a;Csa-miR166b;Csa-miR166c;Cme-miR166a;Cme-miR166b;Cme-miR166c;Cme-miR166d;Cme-miR166h;Ath-miR166a;Ath-miR166b;Ath-miR166c;Ath-miR166d;Ath-miR166e;Ath-miR166f;Ath-miR166g;Cme-miR166f(1)","UCGGACCAGGCUUCAUUCCCC","ctg1:6669447-6669573","Cluster_1605","ctg1",6669447,6669573,127,39250,355,0.000152866242038217,"-","UCGGACCAGGCUUCAUUCCCC",21892,549,82,34578,1432,1121,1488,"21","Y"
"2","ctg1:9731855-9732020","Cluster_2069","Y",1653,622,1090,811,749,509,721,474,579,656,637,580,804,707,781,2069,2090,3059,"Cme-miR167c","UGAAGCUGCCAGCAUGAUCUU","ctg1:9731855-9732020","Cluster_2069","ctg1",9731855,9732020,166,18591,315,0.00134473670055403,"-","UGAAGCUGCCAGCAUGAUCUU",7977,7787,52,9713,719,30,290,"N","Y"
"3","ctg4:1351063-1351192","Cluster_2823","Y",94,34,58,47,38,22,23,19,7,40,24,13,47,37,28,717,592,940,"Cme-miR171a;Cme-miR171e;Cme-miR171g;Ath-miR171a(1)","UUGAGCCGCGCCAAUAUCACU","ctg4:1351063-1351192","Cluster_2823","ctg4",1351063,1351192,130,2780,66,0.998561151079137,"+","UUGAGCCGCGCCAAUAUCACU",1380,9,6,2568,191,4,2,"21","Y"
"4","ctg4:1383541-1383719","Cluster_2831","Y",5111,2801,3237,2101,2916,1353,5272,4006,6442,4384,4949,7960,3026,7726,6517,5155,9731,14346,"Cme-miR396a;Cme-miR396c;Cme-miR396d;Ath-miR396b(1)","UUCCACAGCUUUCUUGAACUU","ctg4:1383541-1383719","Cluster_2831","ctg4",1383541,1383719,179,97033,218,0.997567837745922,"+","UUCCACAGCUUUCUUGAACUU",91357,1558,20,94463,897,52,43,"21","Y"
"5","ctg4:1390971-1391148","Cluster_2832","Y",34375,60341,28334,16541,54483,25256,37745,99558,70404,33260,131242,81595,28438,118520,44325,38525,143382,144628,"Cme-miR396e","UUCCACGGCUUUCUUGAACUG","ctg4:1390971-1391148","Cluster_2832","ctg4",1390971,1391148,178,1190952,386,9.2363084322458e-06,"-","UUCCACGGCUUUCUUGAACUG",1132097,25871,11,1152253,12760,40,17,"21","Y"
"6","ctg4:4720133-4720359","Cluster_3596","Y",74,19,41,43,41,34,60,44,57,55,39,46,40,40,41,104,83,110,"UCGACCAGGACAAAGACUGAGU","UCGACCAGGACAAAGACUGAGU","ctg4:4720133-4720359","Cluster_3596","ctg4",4720133,4720359,227,971,62,0.00308959835221421,"-","UCGACCAGGACAAAGACUGAGU",625,76,7,137,706,33,12,"22","Y"
"7","ctg4:4808924-4809080","Cluster_3617","Y",180,78,95,147,127,77,186,136,154,144,159,135,152,109,159,210,257,426,"Cme-miR169g","AAGCCAAGGAUGAAUUGCCGG","ctg4:4808924-4809080","Cluster_3617","ctg4",4808924,4809080,157,2931,84,0.000341180484476288,"-","AAGCCAAGGAUGAAUUGCCGG",2029,206,0,2078,630,17,0,"21","Y"
"8","ctg27:1538820-1538969","Cluster_4568","Y",877406,414544,482411,474945,456855,232351,1105903,658459,879515,1638472,1094844,1013572,1683762,1147591,1211770,754432,613793,699356,"Csa-miR166d;Csa-miR166e;Csa-miR166a;Csa-miR166b;Csa-miR166c;Cme-miR166a;Cme-miR166b;Cme-miR166c;Cme-miR166d;Cme-miR166h;Ath-miR166a;Ath-miR166b;Ath-miR166c;Ath-miR166d;Ath-miR166e;Ath-miR166f;Ath-miR166g","UCGGACCAGGCUUCAUUCCCC","ctg27:1538820-1538969","Cluster_4568","ctg27",1538820,1538969,150,15439981,800,3.23834595392313e-07,"-","UCGGACCAGGCUUCAUUCCCC",14331278,195022,55,14967143,277058,573,130,"21","Y"
"9","ctg27:1729260-1729420","Cluster_4608","Y",163,78,132,72,64,63,44,44,74,46,68,39,61,82,62,434,687,979,"Cme-miR172b;Cme-miR172c;Cme-miR172f;Ath-miR172a;Ath-miR172b;Cme-miR172d","AGAAUCUUGAUGAUGCUGCAU","ctg27:1729260-1729420","Cluster_4608","ctg27",1729260,1729420,161,3192,257,0.99718045112782,"+","AGAAUCUUGAUGAUGCUGCAU",620,955,45,1661,342,64,125,"N","Y"
"10","ctg27:1939608-1939732","Cluster_4653","Y",1551,400,863,1137,954,757,1050,673,956,742,825,835,730,704,725,340,861,1613,"Cme-miR160a;Cme-miR160b;Cme-miR160c;Ath-miR160a;Ath-miR160b;Ath-miR160c(1)","UGCCUGGCUCCCUGUAUGCCA","ctg27:1939608-1939732","Cluster_4653","ctg27",1939608,1939732,125,15716,237,0.000445405955713922,"-","UGCCUGGCUCCCUGUAUGCCA",12339,1233,110,14216,133,11,13,"21","Y"
"11","ctg27:2239402-2239512","Cluster_4718","Y",7,8,12,6,8,2,17,7,21,9,17,5,10,21,11,9,14,31,"Cme-miR164b","UGGAGAGGCAGGGCACAUGCU","ctg27:2239402-2239512","Cluster_4718","ctg27",2239402,2239512,111,215,24,0.00930232558139535,"-","UGGAGAGGCAGGGCACAUGCU",107,4,3,188,12,1,7,"21","Y"
"12","ctg105:2348441-2348578","Cluster_6603","Y",16,6,11,4,7,7,3,6,5,25,16,31,61,61,48,122,94,144,"Cme-miR167e","AGAUCAUAUGGCAGUUUUACC","ctg105:2348441-2348578","Cluster_6603","ctg105",2348441,2348578,138,667,62,0.00449775112443778,"-","AGAUCAUAUGGCAGUUUUACC",260,191,10,284,131,30,21,"N","Y"
"13","ctg105:2756053-2756172","Cluster_6701","Y",963,414,648,826,783,533,534,327,419,314,281,321,257,230,261,595,566,916,"Cme-miR167a;Cme-miR167b;Ath-miR167a;Ath-miR167b","UGAAGCUGCCAGCAUGAUCUA","ctg105:2756053-2756172","Cluster_6701","ctg105",2756053,2756172,120,9188,165,0.00544188071397475,"-","UGAAGCUGCCAGCAUGAUCUA",6001,1662,155,6262,496,125,488,"21","Y"
"14","ctg197:1499381-1499503","Cluster_8257","Y",760,198,369,298,259,170,1530,716,911,1174,1125,1007,1234,1036,1228,1169,1042,1619,"Cme-miR393a;Cme-miR393b;Cme-miR393c;Ath-miR393a;Ath-miR393b(1)","UCCAAAGGGAUCGCAUUGAUC","ctg197:1499381-1499503","Cluster_8257","ctg197",1499381,1499503,123,15845,160,0.000189334174818555,"-","UCCAAAGGGAUCGCAUUGAUC",6173,2647,12,9042,4137,5,2,"21","Y"
"15","ctg278:70597-70767","Cluster_8697","Y",381,184,249,197,289,181,391,208,264,274,222,261,333,311,318,179,202,320,"AACUGCCGACUCAUUCACUCA","AACUGCCGACUCAUUCACUCA","ctg278:70597-70767","Cluster_8697","ctg278",70597,70767,171,4764,211,0.00125944584382872,"-","AACUGCCGACUCAUUCACUCA",1981,1407,186,2590,358,117,106,"N","Y"
"16","ctg910:955806-955996","Cluster_9617","Y",22406,11261,13500,19981,19204,10108,13904,12548,16237,19507,11838,14506,17533,12266,14762,30451,20858,39138,"Cme-miR166f;Csa-miR166a;Csa-miR166b;Csa-miR166c;Cme-miR166a;Cme-miR166b;Cme-miR166c;Cme-miR166d;Cme-miR166h;Ath-miR166a;Ath-miR166b;Ath-miR166c;Ath-miR166d;Ath-miR166e;Ath-miR166f;Ath-miR166g","UCGGACCAGGCUUCAUUCCCC","ctg910:955806-955996","Cluster_9617","ctg910",955806,955996,191,320008,561,0.999981250468738,"+","UCGGACCAGGCUUCAUUCCCC",171313,8677,72,309560,1248,205,246,"21","Y"
"17","ctg910:1356935-1357148","Cluster_9662","Y",603014,205780,310613,431160,346767,221010,441804,213744,304478,304281,233050,254725,213160,178145,207565,32773,25949,39872,"Cme-miR319a;Cme-miR319b;Ath-miR319a;Ath-miR319b","UUGGACUGAAGGGAGCUCCC","ctg910:1356935-1357148","Cluster_9662","ctg910",1356935,1357148,214,4567890,1910,0.999982048604498,"+","UUGGACUGAAGGGAGCUCCC",2056045,2180758,2467,1824974,495344,47727,16620,"N","Y"
"18","ctg944:306900-307130","Cluster_10259","Y",1818,822,719,989,681,392,944,427,606,747,358,573,532,445,522,1818,1942,2533,"Cme-miR167d;Cme-miR167f(1)","UGAAGCUGCCAGCAUGAUCUG","ctg944:306900-307130","Cluster_10259","ctg944",306900,307130,231,16868,182,0.996798672041736,"+","UGAAGCUGCCAGCAUGAUCUG",13945,302,9,15142,1016,55,344,"21","Y"
"19","ctg1002:5936273-5936428","Cluster_11804","Y",537,209,373,216,254,281,304,120,311,158,230,342,146,251,328,278,414,736,"UGCCAAAAGAGACUUGCCCUG(1)","UGCCAAAAGAGACUUGCCCUG","ctg1002:5936273-5936428","Cluster_11804","ctg1002",5936273,5936428,156,5488,78,0.995262390670554,"+","UGCCAAAAGAGACUUGCCCUG",4989,175,0,5288,19,1,5,"21","Y"
"20","ctg1002:5939420-5939527","Cluster_11805","Y",56,124,87,145,250,59,214,209,223,80,79,172,51,129,77,27,242,125,"UGCCAAAAGAGACUUGCCCUG(2)","UGCCAAAAGAGACUUGCCCUG","ctg1002:5939420-5939527","Cluster_11805","ctg1002",5939420,5939527,108,2349,75,0.997871434653044,"+","UGCCAAAAGAGACUUGCCCUG",2129,77,3,2232,22,1,14,"21","Y"
"21","ctg1041:4082581-4082712","Cluster_13086","Y",4816,1588,2664,2447,2626,1360,5205,2706,3928,5511,3260,3958,5825,3814,4477,9775,7867,10433,"Cme-miR167d;Cme-miR167f(2)","UGAAGCUGCCAGCAUGAUCUG","ctg1041:4082581-4082712","Cluster_13086","ctg1041",4082581,4082712,132,82260,276,0.99993921711646,"+","UGAAGCUGCCAGCAUGAUCUG",70639,1197,97,75193,4965,19,789,"21","Y"
"22","ctg1041:5378345-5378453","Cluster_13334","Y",182,133,164,171,243,139,181,257,214,152,188,167,184,218,283,97,135,202,"Cme-miR164c;Cme-miR164d;Ath-miR164a;Ath-miR164b;Cme-miR164a(1)","CACGUGCUCCCCUUCUCCAAC","ctg1041:5378345-5378453","Cluster_13334","ctg1041",5378345,5378453,109,3310,106,0.00241691842900302,"-","CACGUGCUCCCCUUCUCCAAC",1564,86,7,3065,62,12,78,"21","Y"
"23","ctg1057:372762-372940","Cluster_14119","Y",1848,1912,1365,679,1644,480,1673,2782,1690,1284,4373,2268,1780,5081,2756,3690,6700,6708,"Cme-miR396b;Ath-miR396a","UUCCACAGCUUUCUUGAACUG","ctg1057:372762-372940","Cluster_14119","ctg1057",372762,372940,179,48713,301,0.999589431979143,"+","UUCCACAGCUUUCUUGAACUG",22778,23995,6,24433,260,6,13,"N","Y"
"24","ctg1057:378707-378849","Cluster_14120","Y",503,376,621,217,323,278,2294,1596,2073,1060,2103,1511,1953,2439,2764,1071,2128,2339,"Cme-miR396a;Cme-miR396c;Cme-miR396d;Ath-miR396b(2)","UUCCACAGCUUUCUUGAACUU","ctg1057:378707-378849","Cluster_14120","ctg1057",378707,378849,143,25649,120,0.000116963624312839,"-","UUCCACAGCUUUCUUGAACUU",24956,134,10,25393,79,25,8,"21","Y"
"25","ctg1057:382684-382825","Cluster_14121","Y",352,486,526,145,336,187,515,774,111,325,581,862,593,847,1375,346,729,909,"Cme-miR396a;Cme-miR396c;Cme-miR396d;Ath-miR396b(3)","UUCCACAGCUUUCUUGAACUU","ctg1057:382684-382825","Cluster_14121","ctg1057",382684,382825,142,9999,82,0.0003000300030003,"-","UUCCACAGCUUUCUUGAACUU",9715,38,2,9898,53,4,4,"21","Y"
"26","ctg1227:4933525-4933651","Cluster_15966","Y",2402,772,1302,1297,995,621,1869,1092,1589,2196,1478,1631,2139,1380,1682,2769,2481,3211,"Cme-miR171d;Ath-miR171b;Ath-miR171c","AGAUGUUGGUCCGGUUCAAUA","ctg1227:4933525-4933651","Cluster_15966","ctg1227",4933525,4933651,127,30906,291,0.999482301171294,"+","AGAUGUUGGUCCGGUUCAAUA",19339,709,25,25042,4977,106,47,"21","Y"
"27","ctg1402:1044530-1044689","Cluster_17156","Y",133,51,84,38,41,20,158,76,108,152,112,120,136,173,125,419,552,592,"Cme-miR393a;Cme-miR393b;Cme-miR393c;Ath-miR393a;Ath-miR393b(2)","UCCAAAGGGAUCGCAUUGAUC","ctg1402:1044530-1044689","Cluster_17156","ctg1402",1044530,1044689,160,3090,60,1,"+","UCCAAAGGGAUCGCAUUGAUC",1119,143,6,2192,746,3,0,"21","Y"
"28","ctg1522:159688-159817","Cluster_19541","Y",10976,5488,6135,6827,6757,4107,9962,6772,8319,7428,7334,8988,7590,8669,7505,14356,19831,27629,"Cme-miR171a;Cme-miR171e;Cme-miR171g;Ath-miR171a(2)","UAUUGGUCCGGUUCACUCAGA","ctg1522:159688-159817","Cluster_19541","ctg1522",159688,159817,130,174673,517,0.00525553462756121,"-","UAUUGGUCCGGUUCACUCAGA",142465,6254,48,162632,4278,524,937,"21","Y"
"29","ctg1522:188247-188417","Cluster_19547","Y",1942,915,1361,1447,1949,1282,2159,1800,2118,1427,1809,1759,1485,1647,1888,1425,1720,2463,"Cme-miR394a;Cme-miR394b;Ath-miR394a;Ath-miR394b(1)","UUGGCAUUCUGUCCACCUCC","ctg1522:188247-188417","Cluster_19547","ctg1522",188247,188417,171,30596,221,0.997810171264218,"+","UUGGCAUUCUGUCCACCUCC",19863,26404,8,4041,121,14,8,"N","Y"
"30","ctg1528:966465-966577","Cluster_20109","Y",12648,5005,6996,7397,6438,2869,5612,3154,3824,4880,4340,4799,7847,7154,6379,9972,10836,13385,"UGUGUUCUCAGGUCGCCCCUG","UGUGUUCUCAGGUCGCCCCUG","ctg1528:966465-966577","Cluster_20109","ctg1528",966465,966577,113,123535,877,0.0289553567814789,"-","UGUGUUCUCAGGUCGCCCCUG",111588,3507,336,114573,709,457,3953,"21","Y"
"31","ctg1528:5022264-5022394","Cluster_21113","Y",348,257,327,279,431,289,415,372,417,302,315,384,295,366,467,260,432,520,"Cme-miR164a;Cme-miR164c;Cme-miR164d;Ath-miR164a;Ath-miR164b","CACGUGCUCCCUUUCUCCAAC","ctg1528:5022264-5022394","Cluster_21113","ctg1528",5022264,5022394,131,6476,112,0.964793082149475,"+","CACGUGCUCCCUUUCUCCAAC",5537,64,19,5904,266,9,214,"21","Y"
"32","ctg1556:3921796-3922018","Cluster_22479","Y",41,27,39,26,37,34,24,16,18,24,23,34,36,52,43,123,178,214,"Cme-miR164a","UGGAGAAGCAGGGCACGUGCU","ctg1556:3921796-3922018","Cluster_22479","ctg1556",3921796,3922018,223,989,49,0.00606673407482305,"-","UGGAGAAGCAGGGCACGUGCU",499,25,7,885,68,3,1,"21","Y"
"33","ctg1556:4070383-4070515","Cluster_22516","Y",6477,2627,3805,4316,4576,2770,15056,9921,13232,15220,11232,13060,15875,13440,15262,5834,6223,7794,"Cme-miR390a;Cme-miR390b;Cme-miR390c;Cme-miR390d;Ath-miR390a;Ath-miR390b(1)","AAGCUCAGGAGGGAUAGCGCC","ctg1556:4070383-4070515","Cluster_22516","ctg1556",4070383,4070515,133,166720,404,0.00176943378119002,"-","AAGCUCAGGAGGGAUAGCGCC",119824,7286,39,156046,3191,14,144,"21","Y"
"34","ctg1557:986596-986737","Cluster_22727","Y",1411,635,978,905,938,483,199,89,200,96,100,180,82,69,133,194,245,412,"Cme-miR390a;Cme-miR390b;Cme-miR390c;Cme-miR390d;Ath-miR390a;Ath-miR390b(2)","AAGCUCAGGAGGGAUAGCGCC","ctg1557:986596-986737","Cluster_22727","ctg1557",986596,986737,142,7349,157,0.997278541298136,"+","AAGCUCAGGAGGGAUAGCGCC",5119,351,4,6484,499,6,5,"21","Y"
"35","ctg1557:2985277-2985404","Cluster_23163","Y",147,66,92,155,151,145,244,191,277,166,144,204,104,94,158,124,146,241,"Cme-miR477","UUCUCUCCCUCAAAGGCUUCUGG","ctg1557:2985277-2985404","Cluster_23163","ctg1557",2985277,2985404,128,2849,135,0.0193050193050193,"-","UUCUCUCCCUCAAAGGCUUCUGG",2008,150,10,95,344,2069,181,"23","Y"
"36","ctg1557:3135428-3135656","Cluster_23205","Y",297,138,193,137,176,121,280,250,336,306,373,329,369,493,400,248,391,605,"UCAUGUUAUUGCGGGAGUUCU","UCAUGUUAUUGCGGGAGUUCU","ctg1557:3135428-3135656","Cluster_23205","ctg1557",3135428,3135656,229,5442,407,0.920249908122014,"+","UCAUGUUAUUGCGGGAGUUCU",3933,168,265,4183,340,78,408,"21","Y"
"37","ctg1557:3135819-3135938","Cluster_23206","Y",1604,564,1007,713,824,510,1711,871,1355,1417,1200,1526,1687,1649,1926,1391,1494,2115,"UGUUAUUGUGGAAGUUCUUGA","UGUUAUUGUGGAAGUUCUUGA","ctg1557:3135819-3135938","Cluster_23206","ctg1557",3135819,3135938,120,23564,353,0.9975386182312,"+","UGUUAUUGUGGAAGUUCUUGA",13278,393,116,17810,4937,178,130,"21","Y"
"38","ctg1673:223155-223372","Cluster_25437","Y",224656,72033,116248,215566,193274,119995,157509,78745,101629,85318,57867,70376,67694,39135,43301,1090,877,1491,"Cme-miR319a;Cme-miR319b;Ath-miR319a;Ath-miR319b;Csa-miR4414","UUGGACUGAAGGGAGCUCCC","ctg1673:223155-223372","Cluster_25437","ctg1673",223155,223372,218,1646804,1865,0.000374057872096497,"-","UUGGACUGAAGGGAGCUCCC",717969,791647,1162,672059,176914,2977,2045,"N","Y"
"39","ctg1673:1248038-1248184","Cluster_25585","Y",1384,1502,1092,962,2068,1160,1101,1695,1366,754,1977,1473,729,1557,888,828,3201,2973,"Cme-miR398;Ath-miR398a","GAGUGAACCUGAGAACACAAGA","ctg1673:1248038-1248184","Cluster_25585","ctg1673",1248038,1248184,147,26710,291,0.912616997379259,"+","GAGUGAACCUGAGAACACAAGA",13531,706,9,11300,14556,109,30,"22","Y"
"40","ctg1673:3285353-3285508","Cluster_25949","Y",4292,1732,2293,2345,2006,1230,1027,579,815,1690,884,1107,2440,1560,1906,3926,3979,4822,"Ath-miR408;Cme-miR408","UGCACUGCCUCUUCCCUGGCUG","ctg1673:3285353-3285508","Cluster_25949","ctg1673",3285353,3285508,156,38633,308,0.00038826909636839,"-","UGCACUGCCUCUUCCCUGGCUG",29932,1252,19,5854,31125,366,17,"22","Y"
"41","ctg1673:4082040-4082185","Cluster_26120","Y",16625,6453,14330,10758,14054,9532,17867,9948,14860,9798,7622,14554,10747,14331,16187,9636,18549,22649,"Csa-miRN811","UUCCAAGUCCACCCAUGCCCGC","ctg1673:4082040-4082185","Cluster_26120","ctg1673",4082040,4082185,146,238500,651,6.28930817610063e-05,"-","UUCCAAGUCCACCCAUGCCCGC",165624,4212,41,56936,173951,2930,430,"22","Y"
"42","ctg1673:6039878-6039997","Cluster_26509","Y",232,101,147,165,175,130,187,127,196,145,142,127,133,118,150,9,8,18,"Cme-miR172e;Ath-miR172c;Ath-miR172d","AGAAUCUUGAUGAUGCUGCAG","ctg1673:6039878-6039997","Cluster_26509","ctg1673",6039878,6039997,120,2310,132,0.000432900432900433,"-","AGAAUCUUGAUGAUGCUGCAG",1103,381,17,1674,215,18,5,"21","Y"
"43","ctg1678:600492-600615","Cluster_27546","Y",532,727,418,760,959,338,789,1058,810,502,959,768,409,871,617,709,1028,1568,"Cme-miR160a;Cme-miR160b;Cme-miR160c;Ath-miR160a;Ath-miR160b;Ath-miR160c(2)","UGCCUGGCUCCCUGUAUGCCA","ctg1678:600492-600615","Cluster_27546","ctg1678",600492,600615,124,13822,277,0.998625379829258,"+","UGCCUGGCUCCCUGUAUGCCA",10859,1705,115,11800,137,40,25,"21","Y"
"44","ctg1679:444617-444753","Cluster_27709","Y",246,55,102,99,119,54,68,53,76,72,20,51,47,75,94,103,72,158,"Cme-miR390a;Cme-miR390b;Cme-miR390c;Cme-miR390d;Ath-miR390a;Ath-miR390b(3)","AAGCUCAGGAGGGAUAGCGCC","ctg1679:444617-444753","Cluster_27709","ctg1679",444617,444753,137,1564,51,0.00383631713554987,"-","AAGCUCAGGAGGGAUAGCGCC",1160,104,3,1361,90,0,6,"21","Y"
"45","ctg1681:348019-348144","Cluster_27848","Y",141,40,73,82,44,48,107,57,72,89,48,86,113,62,78,180,144,234,"Cme-miR171d;Ath-miR171b;Ath-miR171c;Cme-miR171b;Cme-miR171c;Cme-miR171f","GGAUAUUGGUGCGGUUCAAUA","ctg1681:348019-348144","Cluster_27848","ctg1681",348019,348144,126,1698,174,0.0901060070671378,"-","GGAUAUUGGUGCGGUUCAAUA",1154,89,19,1310,49,38,193,"21","Y"
"46","ctg1798:189691-189821","Cluster_28982","Y",23,16,4,0,2,10,3,1,2,0,12,7,6,0,6,16,31,18,"Cme-miR156a;Cme-miR156b;Cme-miR156c;Cme-miR156d;Ath-miR156a;Ath-miR156b;Ath-miR156c;Ath-miR156d;Ath-miR156e;Ath-miR156f","UGACAGAAGAGAGUGAGCAC","ctg1798:189691-189821","Cluster_28982","ctg1798",189691,189821,131,157,22,0.987261146496815,"+","UGACAGAAGAGAGUGAGCAC",107,116,1,27,9,0,4,"N","Y"
"47","ctg1798:1040735-1040891","Cluster_29192","Y",251,99,174,189,170,95,306,160,268,287,152,203,172,162,212,198,99,177,"Cme-miR394a;Cme-miR394b;Ath-miR394a;Ath-miR394b(2)","AGGUGGGCAUACUGCCAACUG","ctg1798:1040735-1040891","Cluster_29192","ctg1798",1040735,1040891,157,3374,117,0.995554238292828,"+","AGGUGGGCAUACUGCCAACUG",1521,1547,9,1701,104,6,7,"N","Y"
"48","ctg1820:3755328-3755560","Cluster_30165","Y",11009,10483,7571,7095,13830,6454,9141,13156,11170,7273,15966,13066,9728,19923,10495,10424,23807,29139,"Csa-miR168;Cme-miR168a;Cme-miR168b;Ath-miR168a;Ath-miR168b","UCGCUUGGUGCAGGUCGGGAA","ctg1820:3755328-3755560","Cluster_30165","ctg1820",3755328,3755560,233,229730,826,0.999939058895225,"+","UCGCUUGGUGCAGGUCGGGAA",104250,10576,50,208860,9609,315,320,"21","Y"
"49","ctg1820:4228292-4228407","Cluster_30265","Y",242,112,180,227,243,209,493,377,491,252,318,323,125,149,185,178,225,340,"UUCUCUCCCUCAAGGGCUUCGA","UUCUCUCCCUCAAGGGCUUCGA","ctg1820:4228292-4228407","Cluster_30265","ctg1820",4228292,4228407,116,4669,165,0.0856714499892911,"-","UUCUCUCCCUCAAGGGCUUCGA",3000,996,37,100,3078,67,391,"N","Y"
"50","ctg1837:1772235-1772380","Cluster_30881","Y",289,156,165,142,171,110,119,85,104,99,121,115,138,111,137,253,295,445,"Cme-miR164c;Cme-miR164d;Ath-miR164a;Ath-miR164b;Cme-miR164a(2)","UGGAGAAGCAGGGCACGUGCA","ctg1837:1772235-1772380","Cluster_30881","ctg1837",1772235,1772380,146,3055,93,0.000981996726677578,"-","UGGAGAAGCAGGGCACGUGCA",1334,71,3,2828,144,5,4,"21","Y"
"51","ctg1837:1841698-1841828","Cluster_30886","Y",143,77,139,120,164,84,87,74,99,123,52,120,86,106,124,189,327,313,"Cme-miR390a;Cme-miR390b;Cme-miR390c;Cme-miR390d;Ath-miR390a;Ath-miR390b(4)","AAGCUCAGGAGGGAUAGCGCC","ctg1837:1841698-1841828","Cluster_30886","ctg1837",1841698,1841828,131,2427,106,0.0280181293778327,"-","AAGCUCAGGAGGGAUAGCGCC",1726,117,13,2193,68,17,19,"21","Y"
"52","ctg1837:2342795-2342919","Cluster_30951","Y",1429,584,967,871,976,690,1005,692,903,611,565,640,399,426,446,360,362,470,"Ath-miR2111a;Ath-miR2111b;Cme-miRN966","UAAUCUGCAUCCUGAGGUUUA","ctg1837:2342795-2342919","Cluster_30951","ctg1837",2342795,2342919,125,12396,179,0.999838657631494,"+","UAAUCUGCAUCCUGAGGUUUA",5603,3360,12,8855,72,46,51,"N","Y"
"53","ctg1838:7029355-7029478","Cluster_32459","Y",1817,9883,1989,1154,12549,5416,1630,12736,6754,1561,14606,8242,1642,18126,3188,2564,26047,24219,"Cme-miR171b;Cme-miR171c;Cme-miR171f","UAUUGGCCCGGUUCACUCAGA","ctg1838:7029355-7029478","Cluster_32459","ctg1838",7029355,7029478,124,154123,479,0.00166749933494676,"-","UAUUGGCCCGGUUCACUCAGA",133416,2898,25,145905,3161,993,1141,"21","Y"
"54","ctg1869:1312000-1312129","Cluster_33327","Y",9344,5872,7133,4987,8613,4608,7851,7546,8191,6006,8546,9023,6527,10179,7697,8173,13879,16795,"Cme-miR162;Ath-miR162a;Ath-miR162b","UCGAUAAACCUCUGCAUCCAG","ctg1869:1312000-1312129","Cluster_33327","ctg1869",1312000,1312129,130,150970,368,5.29906603961052e-05,"-","UCGAUAAACCUCUGCAUCCAG",84599,47577,8408,93178,1778,18,11,"N","Y"
"55","ctg1869:1702499-1702703","Cluster_33399","Y",39,79,131,185,30,90,749,171,97,421,288,338,59,503,530,42,292,88,"Cme-miR157d;Ath-miR157a;Ath-miR157b;Ath-miR157c;Cme-miR157b;Cme-miR157c;Ath-miR157d","UUGACAGAAGAUAGAGAGCAC","ctg1869:1702499-1702703","Cluster_33399","ctg1869",1702499,1702703,205,4132,69,0.998547918683446,"+","UUGACAGAAGAUAGAGAGCAC",2562,31,1,3519,572,2,7,"21","Y"
"56","ctg1869:3605437-3605670","Cluster_33670","Y",132553,56129,71887,112708,96489,57240,122886,78946,96468,87597,85497,79653,95306,80602,81728,113326,98644,133092,"Cme-miR159a;Ath-miR159a","UUUGGAUUGAAGGGAGCUCUA","ctg1869:3605437-3605670","Cluster_33670","ctg1869",3605437,3605670,234,1680751,1270,0.999939907815018,"+","UUUGGAUUGAAGGGAGCUCUA",1154731,442957,872,1209995,23309,3112,506,"N","Y"
"57","ctg1869:4072477-4072600","Cluster_33768","Y",82,57,69,49,61,38,51,51,51,44,76,44,72,82,67,108,139,188,"Ath-miR169c;Cme-miR169f;Cme-miR169h","GCAAGUCGUCCUUGGCUACC","ctg1869:4072477-4072600","Cluster_33768","ctg1869",4072477,4072600,124,1329,92,0.00300978179082017,"-","GCAAGUCGUCCUUGGCUACC",612,1006,5,211,100,5,2,"N","Y"
"58","ctg1869:6433159-6433274","Cluster_34249","Y",134,40,40,58,46,32,36,14,15,26,40,37,48,32,43,61,58,86,"Ath-miR397a;Cme-miR397","UCAUUGAGUGCAGCGUUGAUG","ctg1869:6433159-6433274","Cluster_34249","ctg1869",6433159,6433274,116,846,100,0.964539007092199,"+","UCAUUGAGUGCAGCGUUGAUG",384,51,20,673,78,21,3,"21","Y"
"59","ctg1869:7940124-7940347","Cluster_34601","Y",10,1,4,5,8,6,4,1,3,3,7,4,4,0,5,5,5,5,"Cme-miRN964","UGCAUUUGCACCUGCACCUUA","ctg1869:7940124-7940347","Cluster_34601","ctg1869",7940124,7940347,224,80,13,0.075,"-","UGCAUUUGCACCUGCACCUUA",40,11,0,68,1,0,0,"21","Y"
"60","ctg2009:70433-70572","Cluster_34801","Y",422,166,273,204,193,120,369,206,300,223,304,332,195,193,249,195,228,335,"Cme-miR393a;Cme-miR393b;Cme-miR393c;Ath-miR393a;Ath-miR393b(3)","UCCAAAGGGAUCGCAUUGAUC","ctg2009:70433-70572","Cluster_34801","ctg2009",70433,70572,140,4507,231,0.146216995784335,"-","UCCAAAGGGAUCGCAUUGAUC",1707,60,40,2294,1234,89,790,"21","Y"
"61","ctg2009:6172766-6172893","Cluster_35979","Y",398,72,117,113,243,79,0,226,541,367,207,258,629,0,0,527,223,551,"Cme-miR157b;Cme-miR157c;Cme-miR157d;Ath-miR157a;Ath-miR157b;Ath-miR157c;Ath-miR157d","UUGACAGAAGAUAGAGAGCAC","ctg2009:6172766-6172893","Cluster_35979","ctg2009",6172766,6172893,128,4551,46,0.000878927708196001,"-","UUGACAGAAGAUAGAGAGCAC",3851,37,1,3893,613,2,5,"21","Y"
"62","ctg2178:409223-409332","Cluster_36482","Y",641,339,470,397,556,340,1668,1357,1617,1729,2278,2285,2271,3173,2940,237,380,425,"UUCCAUCUCUUGCACACUGGA","UUCCAUCUCUUGCACACUGGA","ctg2178:409223-409332","Cluster_36482","ctg2178",409223,409332,110,23103,255,4.3284421936545e-05,"-","UUCCAUCUCUUGCACACUGGA",17785,2470,641,19616,150,40,186,"21","Y"
"63","ctg3345:4913106-4913235","Cluster_39783","Y",3473,1755,289,350,0,1098,335,0,2186,0,602,836,221,302,482,3397,2941,690,"Csa-miR166a;Csa-miR166b;Csa-miR166c;Cme-miR166a;Cme-miR166b;Cme-miR166c;Cme-miR166d;Cme-miR166h;Ath-miR166a;Ath-miR166b;Ath-miR166c;Ath-miR166d;Ath-miR166e;Ath-miR166f;Ath-miR166g;Cme-miR166f(2)","UCGGACCAGGCUUCAUUCCCC","ctg3345:4913106-4913235","Cluster_39783","ctg3345",4913106,4913235,130,18957,215,0.000211003850820277,"-","UCGGACCAGGCUUCAUUCCCC",11529,250,28,17035,606,465,573,"21","Y"
"64","ctg3379:2446859-2446999","Cluster_40578","Y",420,103,340,293,253,293,501,304,650,477,378,659,291,263,550,291,299,613,"Cme-miR169k","UGAGCCAAGGAUGACUUGCCU","ctg3379:2446859-2446999","Cluster_40578","ctg3379",2446859,2446999,141,6978,135,0.0164803668672972,"-","UGAGCCAAGGAUGACUUGCCU",6571,83,5,6767,5,11,107,"21","Y"
"65","ctg3379:2451087-2451201","Cluster_40581","Y",248,117,182,159,204,144,352,234,317,332,263,284,206,170,217,181,225,301,"Csa-miR169;Cme-miR169m(1)","UGAGCCAAGAAUGACUUGCCGGC","ctg3379:2451087-2451201","Cluster_40581","ctg3379",2451087,2451201,115,4136,253,0.0604448742746615,"-","UGAGCCAAGAAUGACUUGCCGGC",2957,87,263,36,86,3079,585,"23","Y"
"66","ctg3392:9555-9671","Cluster_40751","Y",223,116,157,186,211,145,357,253,317,345,245,300,210,193,224,185,211,330,"Csa-miR169;Cme-miR169m(2)","UGAGCCAAGAAUGACUUGCCGGC","ctg3392:9555-9671","Cluster_40751","ctg3392",9555,9671,117,4208,281,0.937262357414449,"+","UGAGCCAAGAAUGACUUGCCGGC",2873,71,274,39,92,3002,730,"23","Y"
"67","ctg3739:50221-50422","Cluster_41852","Y",672088,335067,364394,434713,436613,246477,353725,215519,276524,327823,211671,200130,269319,171108,209686,842382,758603,896621,"Csa-miR166a;Csa-miR166b;Csa-miR166c;Csa-miR166d;Csa-miR166e;Cme-miR166a;Cme-miR166b;Cme-miR166c;Cme-miR166d;Cme-miR166h;Ath-miR166a;Ath-miR166b;Ath-miR166c;Ath-miR166d;Ath-miR166e;Ath-miR166f;Ath-miR166g","UCGGACCAGGCUUCAUUCCCC","ctg3739:50221-50422","Cluster_41852","ctg3739",50221,50422,202,7222463,1301,0.999987400420051,"+","UCGGACCAGGCUUCAUUCCCC",6612682,95348,1061,6977042,147492,1163,357,"21","Y"
